,image,pat,kurt0,skew0,zerod0,RMS0,MaxF0,SumEnergy0,BandEnergy01,BandEnergy02,BandEnergy03,BandEnergy04,BandEnergy05,Mobility0,Complexity0,kurt1,skew1,zerod1,RMS1,MaxF1,SumEnergy1,BandEnergy11,BandEnergy12,BandEnergy13,BandEnergy14,BandEnergy15,Mobility1,Complexity1,kurt2,skew2,zerod2,RMS2,MaxF2,SumEnergy2,BandEnergy21,BandEnergy22,BandEnergy23,BandEnergy24,BandEnergy25,Mobility2,Complexity2,kurt3,skew3,zerod3,RMS3,MaxF3,SumEnergy3,BandEnergy31,BandEnergy32,BandEnergy33,BandEnergy34,BandEnergy35,Mobility3,Complexity3,kurt4,skew4,zerod4,RMS4,MaxF4,SumEnergy4,BandEnergy41,BandEnergy42,BandEnergy43,BandEnergy44,BandEnergy45,Mobility4,Complexity4,kurt5,skew5,zerod5,RMS5,MaxF5,SumEnergy5,BandEnergy51,BandEnergy52,BandEnergy53,BandEnergy54,BandEnergy55,Mobility5,Complexity5,kurt6,skew6,zerod6,RMS6,MaxF6,SumEnergy6,BandEnergy61,BandEnergy62,BandEnergy63,BandEnergy64,BandEnergy65,Mobility6,Complexity6,kurt7,skew7,zerod7,RMS7,MaxF7,SumEnergy7,BandEnergy71,BandEnergy72,BandEnergy73,BandEnergy74,BandEnergy75,Mobility7,Complexity7,kurt8,skew8,zerod8,RMS8,MaxF8,SumEnergy8,BandEnergy81,BandEnergy82,BandEnergy83,BandEnergy84,BandEnergy85,Mobility8,Complexity8,kurt9,skew9,zerod9,RMS9,MaxF9,SumEnergy9,BandEnergy91,BandEnergy92,BandEnergy93,BandEnergy94,BandEnergy95,Mobility9,Complexity9,kurt10,skew10,zerod10,RMS10,MaxF10,SumEnergy10,BandEnergy101,BandEnergy102,BandEnergy103,BandEnergy104,BandEnergy105,Mobility10,Complexity10,kurt11,skew11,zerod11,RMS11,MaxF11,SumEnergy11,BandEnergy111,BandEnergy112,BandEnergy113,BandEnergy114,BandEnergy115,Mobility11,Complexity11,kurt12,skew12,zerod12,RMS12,MaxF12,SumEnergy12,BandEnergy121,BandEnergy122,BandEnergy123,BandEnergy124,BandEnergy125,Mobility12,Complexity12,kurt13,skew13,zerod13,RMS13,MaxF13,SumEnergy13,BandEnergy131,BandEnergy132,BandEnergy133,BandEnergy134,BandEnergy135,Mobility13,Complexity13,kurt14,skew14,zerod14,RMS14,MaxF14,SumEnergy14,BandEnergy141,BandEnergy142,BandEnergy143,BandEnergy144,BandEnergy145,Mobility14,Complexity14,kurt15,skew15,zerod15,RMS15,MaxF15,SumEnergy15,BandEnergy151,BandEnergy152,BandEnergy153,BandEnergy154,BandEnergy155,Mobility15,Complexity15
0,Pat1Train_36_0.mat,1,1.375535884,-0.21164331,23236,0.976661988,7,2.87347682,0.368428939,0.234453015,0.12018347,0.265087292,0.010626363,0.785536332,1.735608741,1.123979628,-0.060495728,23273,0.974678055,7,2.604589296,0.494487544,0.258332444,0.079001479,0.156538672,0.010475599,0.623943384,2.190183087,2.498147463,-0.256435902,21850,0.984045816,7,2.64473803,0.487631189,0.319691486,0.073044826,0.113157585,0.005731178,0.55561705,2.312164265,4.43076692,-0.552614885,15546,0.990478439,6,2.835312013,0.765841928,0.190113502,0.023956593,0.019331156,0.000684099,0.303158446,3.000691946,30.53949276,-0.436457516,19255,0.979168505,7,3.100485041,0.548250171,0.25044202,0.06786233,0.121946715,0.010528784,0.606440115,2.231995745,8.991643236,-0.397018295,16718,0.987273304,7,3.080937934,0.55089383,0.320080108,0.060880186,0.064890638,0.002936008,0.476626529,2.332821456,4.493832765,-0.12435465,18001,0.988183904,7,3.126207141,0.676285267,0.200569209,0.065781975,0.055320753,0.001857627,0.433109079,2.497697798,3.165446331,-0.280616061,17317,0.976934633,7,3.012470108,0.509040121,0.345621092,0.079130857,0.063114507,0.002799129,0.486933746,2.209087135,2.601108798,-0.492838558,15906,0.991616282,8,3.091534458,0.389323259,0.350057624,0.173834095,0.08496633,0.001630278,0.555386347,1.799154946,1.689861882,-0.36773957,15970,0.982751089,7,2.966662444,0.523997203,0.32343526,0.08433405,0.065086776,0.002819173,0.485486993,2.244911642,3.676118125,-0.61753796,14942,0.985436972,8,3.085588098,0.565475749,0.288619067,0.077494568,0.06494885,0.003091974,0.48532514,2.28003322,13.26454612,0.690622205,15167,0.988659881,7,3.132925622,0.789706149,0.179591186,0.017276696,0.0128147,0.000553871,0.291081728,2.92806887,3.929781179,0.459014057,13946,0.986613834,7,3.08492395,0.729311727,0.20498496,0.039967779,0.024637772,0.000992369,0.347208642,2.712737909,4.40496062,-0.778881274,15452,0.967864089,7,2.965369378,0.585130292,0.290484892,0.061269808,0.059244609,0.003483379,0.474023893,2.382675512,8.998136148,0.407359177,15374,0.987731377,7,3.094215979,0.618073059,0.29221459,0.051501737,0.036843249,0.001231467,0.407345327,2.350676819,2.501442063,-0.214967732,14891,0.989419775,7,3.060610568,0.733088611,0.205418069,0.035353874,0.024886755,0.001142731,0.347232359,2.795659993
1,Pat1Train_37_0.mat,1,1.008891554,-0.166557124,24277,0.977550242,7,2.872830816,0.523394752,0.182968777,0.064583673,0.21879976,0.009235426,0.702072687,1.955669646,0.722301905,-0.101109955,23554,0.977581299,5,2.74547704,0.595218753,0.219532485,0.056787768,0.120059331,0.007601333,0.561659154,2.400437256,1.082072851,-0.187421421,21876,0.985975193,5,2.920497935,0.669604556,0.212121588,0.046333324,0.068056406,0.003482036,0.463630532,2.69570649,1.071310041,-0.165856917,15163,0.989730699,5,2.988521562,0.824357712,0.140901327,0.019022792,0.014808582,0.000806885,0.281324396,3.288585897,30.95977629,-1.175529642,19026,0.976298414,7,3.054389959,0.56639241,0.194548942,0.067911851,0.154523779,0.014688463,0.664705121,2.143389638,10.29507399,-0.674676257,16978,0.986112221,7,3.104219869,0.639875092,0.238183346,0.05158132,0.066260189,0.003705432,0.467568748,2.558643394,1.697944021,-0.439126065,17255,0.987354846,3,3.115080307,0.793447898,0.134087557,0.038731652,0.03212968,0.0014492,0.350923163,3.024835159,1.365327847,-0.190751181,17274,0.976202766,5,3.027945503,0.637469987,0.260399189,0.055319034,0.044102718,0.002478975,0.42450152,2.538563632,1.361634502,-0.349989724,16818,0.989540326,3,3.148791963,0.525162004,0.309722621,0.099720228,0.064023761,0.001227834,0.485780643,2.023604997,0.972588401,-0.394363441,17313,0.972124105,2,2.916791521,0.70073792,0.2016673,0.050325573,0.044526811,0.00246573,0.40191218,2.785048265,1.400267724,0.188968908,15443,0.984492403,5,3.073051968,0.75053201,0.178574469,0.035009417,0.033622549,0.002047667,0.370850978,2.860474305,0.169837175,-0.034658014,11214,0.990637571,5,3.154507107,0.877076112,0.110672305,0.008095963,0.003804455,0.000314799,0.222684425,3.155553776,2.352836876,0.614819798,15103,0.982364211,3,3.077695026,0.770575349,0.170877985,0.036563176,0.020606343,0.001252107,0.326814897,2.978550798,2.975700178,-0.663471877,17080,0.941287218,7,2.80521231,0.658892313,0.237265196,0.051771455,0.048666241,0.003100469,0.433359409,2.595886612,1.934215868,0.318041721,13987,0.984328016,7,3.081078002,0.768560372,0.185385324,0.027556832,0.017521418,0.000883546,0.320851352,2.767879342,0.737692856,0.030127363,15286,0.986921471,3,3.118745807,0.828337613,0.133942497,0.02219241,0.014323179,0.001089514,0.290002363,3.328212837
2,Pat1Train_38_0.mat,1,1.547980741,-0.285650631,24693,0.975681063,7,2.950327462,0.578712217,0.190691304,0.04918577,0.170233828,0.010130447,0.659057552,2.133649335,0.925489163,-0.090597919,23803,0.97684037,4,2.60444004,0.606956828,0.215948111,0.053253048,0.114783041,0.008219908,0.539068994,2.518664155,1.022511077,-0.145419054,22002,0.985490974,3,2.860727753,0.682511558,0.199207016,0.042230926,0.071823226,0.003841282,0.455643151,2.791675263,1.018148279,0.016798135,15563,0.988901871,3,2.969528281,0.797097391,0.166414824,0.018561237,0.016391758,0.001383976,0.296199391,3.334487996,17.13068955,-0.736880601,18140,0.978743951,7,3.018290915,0.613970123,0.181565697,0.063536354,0.128478882,0.011358627,0.612798858,2.269140759,5.067987221,-0.408597048,16592,0.985688628,4,3.068481377,0.72812938,0.178707893,0.040059389,0.049856572,0.00294266,0.414236972,2.855259855,1.659135954,-0.467790552,18234,0.984683524,3,3.082012982,0.795807388,0.137436585,0.029105806,0.035542862,0.001899934,0.354027916,3.238908311,1.431856803,-0.042322332,17911,0.97089278,4,2.976004473,0.717361099,0.209247418,0.034032932,0.036298373,0.002780029,0.385539948,2.946919057,2.224902847,-0.336358768,18159,0.985440943,2,3.08524122,0.677106145,0.210572271,0.051073277,0.059594879,0.001494381,0.41626036,2.513051618,1.027688012,-0.281796849,17665,0.964184391,2,2.867748152,0.745830699,0.180804054,0.037617748,0.033182761,0.002333426,0.360666231,3.086566928,2.646559391,0.491841446,15471,0.983434001,5,3.012216555,0.794781447,0.162460126,0.02132142,0.019452752,0.001809871,0.320031352,3.210243009,0.865259781,0.039477202,11453,0.990368111,4,3.110824615,0.872412139,0.115056313,0.00781481,0.004069415,0.000580156,0.226038413,3.50883056,2.986326373,0.634068152,15341,0.978234737,2,3.024980908,0.751375747,0.189451397,0.039323341,0.018092886,0.001611967,0.330152812,2.96068086,2.812739663,-0.509735126,17422,0.925345505,6,2.736047769,0.715975561,0.19994481,0.042380264,0.038639189,0.002798548,0.396587997,2.788875364,2.536066675,0.3175191,14174,0.981522365,7,3.063458657,0.81519287,0.150148244,0.021248158,0.012292607,0.00101876,0.294749405,3.007589225,1.838556464,-0.075679537,15885,0.98433864,3,3.078087777,0.7915164,0.164547219,0.025796585,0.016168526,0.001793263,0.310047116,3.290665033
3,Pat1Train_39_0.mat,1,1.671583478,-0.065875385,22520,0.978349601,7,2.7510319,0.580476132,0.210294211,0.058826929,0.142604487,0.007047463,0.567800034,2.294178983,1.054847684,-0.064262325,22300,0.979063139,3,2.85096206,0.643996479,0.198689363,0.052821812,0.096862117,0.006976695,0.512580818,2.542261556,2.722849291,-0.037692189,20468,0.98611543,3,2.898171728,0.709844644,0.191426817,0.036148696,0.059094803,0.003166991,0.417818672,2.864852209,2.456471061,0.187981537,15200,0.989660059,3,2.993362682,0.734497924,0.21263473,0.027646918,0.023902123,0.001193164,0.331884446,2.954406477,7.994223941,-0.454214517,16014,0.983781701,4,3.073427731,0.680707131,0.180300614,0.058590268,0.073954696,0.005919694,0.4839161,2.59664166,5.519059845,-0.608010397,15440,0.987905986,3,3.105749029,0.713098873,0.201630791,0.041961946,0.041030819,0.002051169,0.388738359,2.797655886,2.899392977,-0.478150346,18575,0.984913589,3,3.056061521,0.711037579,0.175541546,0.051251742,0.059136301,0.002716085,0.432206076,2.720927362,3.500144796,0.095353813,17705,0.97298727,3,2.959739426,0.711344647,0.199022004,0.041788743,0.044570312,0.002968052,0.403652091,2.840347857,3.528857546,-0.426068214,17027,0.985826326,3,3.07323249,0.655760884,0.220194598,0.056400811,0.06608917,0.001399323,0.428015457,2.358743242,3.374700604,-0.242935532,17519,0.963627963,3,2.752628397,0.661225378,0.235096266,0.050131924,0.049452255,0.003753921,0.420533575,2.729583797,6.282309143,0.498349268,15506,0.984938902,6,3.001562156,0.76677223,0.189449756,0.025534868,0.016650381,0.00144069,0.322717455,2.979236834,5.278566824,-0.027461653,11929,0.991037194,4,3.124345001,0.806195433,0.17420937,0.013341346,0.005605955,0.000580464,0.264971449,2.857746728,4.47446179,0.04127347,15359,0.975330499,2,2.960388158,0.691254282,0.233576064,0.04247401,0.029341531,0.003012317,0.379086078,2.83888739,5.542783685,-0.745387342,17363,0.936789294,7,2.771607983,0.66792213,0.235791878,0.050765337,0.041617433,0.003542739,0.421591068,2.642273433,7.238715333,0.30675567,14940,0.983178273,8,3.080366245,0.711569993,0.233957137,0.031712642,0.021120331,0.001465232,0.355898026,2.668434778,9.514012681,0.319734021,15423,0.986899487,6,3.083811447,0.703446044,0.239643578,0.034127838,0.02090825,0.001697378,0.351604961,2.780028772
4,Pat1Train_40_0.mat,1,0.901356025,-0.150100433,20321,0.98255779,3,2.625780438,0.662579471,0.183459498,0.057577596,0.091736885,0.004169483,0.460541456,2.651233905,0.991228305,0.136184301,20727,0.983557001,3,2.959529817,0.729944929,0.167985358,0.039763877,0.058046278,0.003870722,0.420949105,2.923351209,2.132676344,0.100674159,19090,0.986828221,3,2.999513699,0.782963879,0.14760959,0.02831844,0.038391225,0.002504349,0.358320438,3.231011201,1.434132237,-0.077453705,14543,0.9894096,3,3.01907284,0.847613942,0.119796698,0.017500903,0.0141466,0.00084897,0.266464108,3.729862958,5.45858151,-0.375140437,14998,0.985417039,3,3.060236299,0.716751147,0.164087359,0.052348722,0.061983909,0.004254384,0.458321024,2.708035445,2.655704579,-0.406454652,14233,0.988804071,2,3.113424122,0.802350955,0.143484817,0.028285039,0.024524714,0.001212969,0.323020888,3.219995276,2.26440562,-0.155477224,17471,0.986574138,3,3.051376228,0.802619363,0.129175016,0.033431291,0.032733514,0.001851309,0.343653671,3.291605754,1.7351072,0.17675649,17010,0.975996961,3,2.98123093,0.802450915,0.132923364,0.030721517,0.0313884,0.002281185,0.345856287,3.301029121,2.07058326,-0.387282961,15098,0.986752545,3,3.098998495,0.800077411,0.133722045,0.032606929,0.032561945,0.000928946,0.324033468,3.043074741,2.77947094,-0.198279895,17038,0.961491753,3,2.757741346,0.693063248,0.211517209,0.04415535,0.046204155,0.00458487,0.41671198,2.918398441,5.048401658,0.279314847,15327,0.983950705,4,3.047700274,0.815326228,0.141402356,0.023820512,0.017481282,0.001774656,0.311605959,3.357404708,5.986696282,-0.016832196,11858,0.990332805,3,3.142563735,0.833769081,0.144057062,0.014642561,0.006810769,0.000650686,0.257771842,3.185827612,4.393440017,-0.098400379,14655,0.975031328,3,2.977679045,0.729697898,0.190142947,0.040391403,0.03511167,0.004074033,0.393850201,3.106592132,4.565075974,-0.573010165,16878,0.950413093,3,2.868838566,0.717550351,0.191139291,0.045767501,0.041237549,0.003878717,0.411371259,2.860922183,7.172424429,-0.012058124,14922,0.983518471,7,3.102639567,0.726639137,0.203834692,0.041011104,0.026537288,0.001741149,0.36883659,2.75442074,4.263071726,-0.035208871,14684,0.987100517,3,3.081329462,0.753105704,0.194158066,0.029849515,0.020813942,0.001819586,0.335263521,3.131717259
5,Pat1Train_41_0.mat,1,0.823325794,-0.062299558,20024,0.983206717,3,2.636748167,0.701365453,0.164535372,0.052378936,0.077668424,0.003676425,0.43168966,2.801411125,0.891278581,0.110967565,20230,0.984323963,3,2.925637548,0.779001793,0.134459523,0.035126719,0.047891054,0.003185242,0.384070673,3.171678414,1.512769028,0.051086745,18961,0.987092123,3,2.973621177,0.833677031,0.110347875,0.022089719,0.031718191,0.001981908,0.323754689,3.591612655,1.153044204,0.00524135,14270,0.989275194,2,3.013899917,0.874389504,0.096140895,0.015373684,0.013286995,0.000726417,0.250180901,3.957860627,4.004357519,-0.462593003,15097,0.986545872,3,3.098067709,0.73137797,0.15835291,0.051056779,0.056263295,0.002660475,0.420307353,2.744803475,1.512032522,-0.273412947,14044,0.988734134,2,3.125625288,0.842136536,0.112822814,0.023445304,0.020480643,0.001016807,0.289235667,3.50437469,1.73194208,-0.245023534,17422,0.986768933,3,3.132367657,0.829480813,0.104898382,0.032655062,0.031138626,0.001638662,0.334257716,3.362788044,1.378234348,0.119686367,16995,0.97731089,2,3.016157188,0.833049088,0.111411416,0.026392876,0.026728441,0.002242767,0.321799321,3.580096806,1.964119674,-0.464754339,14617,0.987491841,3,3.092434888,0.854239081,0.102420048,0.020678694,0.021803272,0.00077611,0.276811579,3.525141691,1.762415557,-0.158277815,16613,0.965849386,3,2.800883715,0.744622512,0.175584029,0.035343301,0.039674556,0.004419431,0.380032283,3.202172198,4.497854432,0.232562336,15510,0.983897873,3,3.021559617,0.833521527,0.126117493,0.02181692,0.016904281,0.001473572,0.297346758,3.504550803,4.638708328,0.13919116,11587,0.989959862,2,3.114433013,0.862989854,0.120248376,0.010566897,0.005572644,0.000574524,0.236626273,3.452849146,3.443749504,-0.03275564,14354,0.975084454,3,3.000072079,0.759646132,0.167464054,0.033449137,0.034948149,0.004067479,0.38739106,3.286056958,3.960440925,-0.567059274,17048,0.948240247,3,2.83860485,0.739834084,0.17461948,0.039431428,0.04173726,0.003917923,0.401693308,3.010892124,7.156616676,-0.050758745,14815,0.983139037,3,3.098517118,0.72996462,0.203753948,0.036999459,0.027150453,0.001894476,0.366515722,2.882249631,4.118776836,0.046376904,14559,0.987201341,3,3.08704582,0.777239296,0.176354683,0.025725947,0.019098074,0.001430395,0.318053989,3.212779646
6,Pat1Train_42_0.mat,1,1.258630255,-0.199783209,20913,0.982039185,4,2.812889756,0.659162662,0.179155475,0.051613996,0.105097444,0.004457052,0.497214986,2.515047309,0.792692279,0.038166391,21223,0.982845831,3,2.816090654,0.71568768,0.16645049,0.041854859,0.071211526,0.004356775,0.438508854,2.868954943,1.354872467,0.020861622,19262,0.98697598,3,2.95026477,0.776796013,0.149259332,0.029282946,0.042229492,0.002207299,0.365808337,3.205852772,1.409114186,-0.047047178,14655,0.989456905,3,3.019208511,0.858233041,0.111760138,0.015683707,0.013450341,0.000789333,0.262616779,3.611072935,6.692050396,-0.38047631,16194,0.985866025,7,3.093737931,0.691001221,0.185096852,0.051743453,0.067430021,0.00425536,0.470480157,2.634306203,2.317969739,-0.28371485,15155,0.98843828,2,3.108167908,0.794346235,0.149256152,0.029583037,0.025575998,0.001120312,0.327015497,3.108205112,4.439745892,-0.244001114,17701,0.986884423,2,3.076419891,0.809249678,0.121851142,0.032880589,0.034317067,0.001541682,0.344985164,3.236816601,1.825080357,0.037685426,17395,0.975989834,3,3.01728168,0.768244777,0.164173906,0.030100798,0.034661512,0.002580237,0.362791769,3.131771181,2.150559975,-0.367325173,15297,0.988608106,3,3.081721542,0.765509642,0.1605249,0.033008409,0.040033687,0.000842403,0.348385284,2.786774846,1.249371892,-0.147628958,16914,0.970719846,3,2.79282611,0.740695762,0.177641098,0.038734549,0.039408712,0.003181759,0.373815895,3.085477275,2.65828577,0.145082529,15257,0.983999478,4,2.98532943,0.811298095,0.139614822,0.025445884,0.021842573,0.001618632,0.316038955,3.275553113,3.291242685,0.3904531,12112,0.989633665,3,3.127558784,0.860214126,0.122776678,0.010436405,0.005710469,0.000792594,0.238860105,3.529847699,3.515808388,0.43749592,14454,0.980423475,2,3.019214582,0.753649409,0.185556855,0.033260179,0.025066316,0.001983688,0.347975174,3.089519274,5.387971533,-0.849188077,16682,0.948001617,8,2.798159032,0.703528461,0.204023346,0.046346915,0.043206417,0.002649564,0.40511656,2.699156917,5.667272787,0.280273567,14529,0.983500077,8,3.058316188,0.760547611,0.187895654,0.030995093,0.018959675,0.001445631,0.334799028,2.815732076,4.635360774,0.006083446,15024,0.986105587,3,3.099931588,0.770383199,0.179838586,0.026237872,0.02142534,0.001941273,0.331766847,3.182454328
7,Pat1Train_43_0.mat,1,1.306188498,-0.096327117,22370,0.979149053,4,2.473053673,0.595473525,0.201827521,0.058007663,0.136921159,0.00701318,0.533908768,2.459087174,0.990978446,-0.025992823,22144,0.981387934,3,2.550465247,0.687488493,0.176184252,0.045155089,0.084911104,0.005646724,0.452200034,2.86349867,3.111949225,0.067659183,20449,0.985786953,3,3.011440968,0.743037302,0.159992372,0.03641521,0.057071284,0.003167509,0.41236457,2.93620129,3.492336485,0.031421712,14811,0.990304931,3,2.897434528,0.746605983,0.204329358,0.027306047,0.020762655,0.00089421,0.314832288,2.941606219,9.525720185,-0.151181455,16026,0.984451919,3,3.047318544,0.657569165,0.190413284,0.059422353,0.085640265,0.00644186,0.522182111,2.486369669,6.655846792,-0.798281818,15451,0.988629393,3,3.11770248,0.738701871,0.189216702,0.037818228,0.032804445,0.001324725,0.363600793,2.835822613,4.969208003,-0.689321505,18357,0.98644431,3,3.083932671,0.711365327,0.180398979,0.050451486,0.05526922,0.002287776,0.423550661,2.681972128,3.385959411,0.111675017,17871,0.975175058,3,2.972096535,0.704797984,0.206876464,0.042141563,0.043194935,0.002729645,0.400161842,2.799097953,3.586148359,-0.368518357,16506,0.987975913,3,3.079329299,0.634898303,0.221861015,0.066266133,0.075576722,0.001249783,0.443535251,2.256146871,3.007428119,-0.203792063,16608,0.977096203,3,2.689408982,0.644141773,0.258549515,0.052069525,0.042719565,0.002286535,0.392966433,2.703133181,5.595982912,0.263976184,15284,0.984181553,7,3.03313452,0.747492699,0.196687116,0.032575803,0.021826798,0.001309751,0.335082702,2.842539547,6.900837819,0.516767524,11952,0.990493639,3,3.144437824,0.838108203,0.145329228,0.0111987,0.004966448,0.000362281,0.241955015,2.893463586,6.512222929,0.293515783,14394,0.98123342,2,2.987979487,0.674057703,0.261245666,0.039771016,0.023525421,0.001289675,0.356018753,2.582388579,4.447668554,-0.63945789,16884,0.955766711,9,2.775868852,0.692540297,0.224865378,0.045152383,0.03503511,0.002187507,0.386655288,2.713870487,8.719944359,0.241861963,15112,0.985239653,9,3.105766004,0.687222298,0.253413874,0.036658004,0.021482865,0.001124179,0.358651003,2.485224785,6.05652077,0.03711608,15185,0.987747693,4,3.107331181,0.711560287,0.23001191,0.034552977,0.022558252,0.001198857,0.343313983,2.767573158
8,Pat1Train_44_0.mat,1,0.798837598,-0.019034911,19420,0.984498714,3,2.699625292,0.720129789,0.164187452,0.047993993,0.064383921,0.00298017,0.406283923,2.88886951,0.917133082,0.135244301,19888,0.985682323,3,2.898517502,0.784572203,0.138384298,0.032785768,0.041350429,0.002640714,0.361173499,3.270469089,2.065853679,-0.02268136,18234,0.987887004,3,3.077250466,0.848562978,0.104724695,0.020661669,0.024165038,0.001741436,0.301504687,3.681967213,1.293487359,-0.025164999,13830,0.989685557,2,2.97473219,0.861076076,0.111739479,0.014541362,0.011964817,0.000615362,0.247237838,3.785471704,3.801322351,-0.223006018,14428,0.986512413,2,3.091952165,0.758048535,0.146345044,0.043590925,0.048124283,0.00348554,0.41006665,2.930869122,2.086156977,-0.430706011,13684,0.989362252,2,3.123091569,0.844733052,0.117792673,0.021100807,0.015554607,0.000742046,0.277483831,3.462551274,2.125191142,-0.289051769,16904,0.988369263,2,3.107883246,0.806496293,0.128493811,0.034739429,0.028938232,0.001192403,0.332152466,3.215964902,1.948412907,0.126608435,16664,0.980838011,2,3.016371009,0.831963375,0.114218229,0.027469499,0.024700362,0.001491347,0.310417953,3.515114066,1.924435212,-0.39434396,14263,0.989514201,3,3.098985913,0.837186771,0.118027104,0.021835953,0.022456092,0.000446938,0.278924394,3.24118379,2.785767353,-0.283944211,16311,0.981873974,3,2.866522039,0.719379325,0.203297532,0.038359953,0.036896746,0.001869209,0.361771244,2.984699,6.712317161,0.607087489,14758,0.986621844,3,3.102865241,0.83265992,0.133342642,0.021055446,0.012113618,0.000742869,0.274488028,3.253695716,5.844134751,-0.033562937,11172,0.99006639,2,3.166528323,0.872493412,0.112528764,0.010832047,0.003875952,0.000241791,0.218215816,3.118422005,5.369000899,-0.10132334,13843,0.984840532,2,3.093567872,0.761465755,0.17929552,0.034962231,0.023242611,0.000924256,0.325643134,2.888828108,4.159406614,-0.580742384,16090,0.96946735,3,2.916915523,0.742318013,0.185570997,0.036512402,0.033594736,0.001822455,0.363330265,2.904153972,8.375189046,0.361822365,14376,0.987242947,5,3.148874555,0.73848204,0.207606977,0.032245545,0.020789392,0.000795593,0.334499555,2.643344777,3.530307879,-0.001864334,13969,0.988809135,2,3.11370393,0.80595293,0.153556698,0.024231173,0.015261374,0.000919642,0.287642207,3.195012032
9,Pat1Train_45_0.mat,1,0.997434458,-0.137929755,20377,0.983667838,3,2.694607841,0.690739568,0.165618989,0.046769912,0.092598027,0.003831778,0.458186604,2.720830587,0.753096584,0.107980289,20588,0.984894734,3,2.746318864,0.771325407,0.139782376,0.033225067,0.052019708,0.003312788,0.380529015,3.234153827,1.705826138,-0.061972966,18956,0.98746547,3,3.004253239,0.841758526,0.103084804,0.02063018,0.032285227,0.002025556,0.32094097,3.66422338,0.863761595,0.024760437,13392,0.989662617,2,2.957342662,0.868219504,0.107113976,0.013670588,0.010464567,0.000477922,0.237282845,3.729249505,2.234426525,-0.228993279,15296,0.987659012,2,3.076479651,0.774804004,0.153379245,0.037049338,0.032604404,0.001975997,0.364476909,3.017646828,1.724965688,-0.208120516,14191,0.98899241,2,3.108026917,0.849023557,0.118550389,0.018240876,0.013531965,0.000589296,0.264892147,3.512613508,1.799018437,-0.256773923,16965,0.987508872,3,3.127716744,0.825241295,0.12165339,0.02662106,0.024956918,0.001386733,0.314026289,3.45192662,1.035951715,0.146379961,16648,0.978680828,2,3.024030155,0.826700749,0.123654441,0.024798171,0.022799129,0.001881453,0.30847441,3.569996549,1.441290784,-0.413250657,14024,0.98890159,3,3.108984466,0.844338979,0.115155726,0.019374502,0.020628492,0.000454731,0.273694466,3.343046546,1.493281965,-0.151682471,16360,0.975894991,3,2.761519374,0.748292593,0.178061725,0.037384022,0.034060947,0.002008651,0.350892972,3.117398129,4.246033038,0.367331503,14494,0.985657036,3,3.043106292,0.835826533,0.125341053,0.021541,0.016168808,0.001028845,0.28693376,3.397652345,4.383843982,0.007940454,10856,0.990197927,2,3.145095207,0.872828767,0.112286399,0.010389962,0.004208541,0.00026517,0.221139725,3.15937208,2.270003093,0.164674141,13557,0.980541217,2,3.061310987,0.7539719,0.187232156,0.032590255,0.023931217,0.002042549,0.340718653,3.122175234,3.983254136,-0.479977215,16277,0.960677064,6,2.905678857,0.736761306,0.181043455,0.042716967,0.036772631,0.002420573,0.383934336,2.887869215,7.138844926,0.093168176,14246,0.985469729,7,3.121244558,0.745725212,0.200592056,0.031965,0.020549142,0.00107236,0.33366929,2.752961917,2.48174389,-0.100996606,13918,0.988076162,2,3.095057972,0.808966047,0.151171313,0.024598047,0.01416213,0.001020557,0.287218795,3.268167527
10,Pat2Train_21_0.mat,2,2.316960413,-0.402086032,17738,0.987681082,10,2.372045408,0.412240256,0.270253002,0.199199856,0.115273696,0.002755651,0.533681148,2.012667151,5.303465978,-0.619136602,20208,0.983738529,4,3.037239204,0.411408647,0.223674376,0.172642369,0.187671449,0.004089827,0.685123029,1.772745996,2.225379979,0.077766849,20772,0.982613149,2,2.615720465,0.307931597,0.190115369,0.257023752,0.23724194,0.006934986,0.720588817,1.713165213,3.692934522,-0.337554761,21447,0.974241101,34,2.965836127,0.215030518,0.188845995,0.25523068,0.327717202,0.011788017,0.877187642,1.474605091,1.792935083,-0.084689021,20953,0.964794906,8,2.962437085,0.402628043,0.328342217,0.118619654,0.137939995,0.011341146,0.658823258,1.959705002,8.688905804,-0.391275805,21253,0.980292614,11,3.048925193,0.400318134,0.372101131,0.124581998,0.095856171,0.006447192,0.591960747,2.002444135,14.08567741,-1.350074614,20252,0.98162124,16,3.026030708,0.294933704,0.444665857,0.143132833,0.111329303,0.00537415,0.613458387,1.827873576,16.68127026,-1.88009044,18035,0.987322512,18,3.097808489,0.1867422,0.546355438,0.138164566,0.123615546,0.004625551,0.638968352,1.720336832,4.185797597,-0.262097501,19827,0.98496924,8,3.063545294,0.540260976,0.212678842,0.100137944,0.142978061,0.003560979,0.598018415,2.008212435,2.025562149,-0.470557262,20535,0.985510156,5,3.044888723,0.353014256,0.269571729,0.15048161,0.22084308,0.005465007,0.715725676,1.697203316,2.57380274,-0.503275702,20588,0.974062161,29,2.975188082,0.236488135,0.224409389,0.251968279,0.278513568,0.007685116,0.812429926,1.517739389,2.228760518,-0.403618986,20766,0.980781648,33,3.01414847,0.220550588,0.212965153,0.26994037,0.287383732,0.00821604,0.832635462,1.490166034,0.988280849,0.117957023,23976,0.955067773,3,2.710648616,0.330211004,0.208077984,0.121647664,0.32025919,0.017992314,0.835447967,1.654230507,1.854307675,-0.112158975,23082,0.974009794,9,2.944312548,0.233057613,0.212887231,0.132056152,0.40549483,0.014788062,0.90855275,1.471849077,1.378686541,0.031911879,23270,0.961156748,9,2.85560023,0.267555523,0.233782483,0.140769908,0.340151451,0.015926603,0.870454639,1.557590169,2.531447648,-0.191790575,23940,0.968935028,2,2.866676396,0.240193154,0.167441557,0.138141146,0.432920787,0.018906725,0.943723638,1.457993099
11,Pat2Train_22_0.mat,2,2.090545765,-0.439603183,17383,0.989300163,25,2.566761735,0.385508029,0.28680572,0.204361364,0.120533634,0.00250093,0.558683541,1.911347878,5.118354346,-0.598593026,19974,0.984507772,3,3.054568675,0.431366761,0.219261023,0.167341722,0.177567086,0.003968503,0.673193926,1.797256661,2.647574935,-0.014751731,20718,0.983190378,31,2.590277687,0.281196272,0.205494411,0.277878672,0.227121931,0.007432018,0.718236702,1.712097325,4.877656777,-0.416165355,21905,0.972859716,4,3.021473115,0.229485232,0.209203497,0.238198338,0.309282301,0.012552139,0.867285921,1.506579007,2.715883774,-0.067322037,20645,0.970573225,10,3.02079035,0.423782621,0.337256299,0.111375819,0.11751884,0.009136706,0.619821047,2.024674414,10.00475234,-0.409874769,21120,0.979733114,10,3.071166019,0.36278731,0.399123868,0.133687501,0.097167299,0.006476504,0.601342907,1.965952328,12.83549202,-1.367425479,20016,0.982422978,17,3.096305438,0.271148138,0.46478305,0.147168548,0.110759037,0.005502266,0.620718232,1.816913681,16.0777558,-1.896804784,18061,0.987384781,17,3.112382932,0.19942876,0.531515117,0.140536473,0.123276038,0.004689099,0.641956121,1.72721466,5.09850637,-0.254919921,20068,0.986160609,7,3.127523307,0.56058316,0.20970055,0.089841047,0.136356806,0.003145397,0.587611844,2.039641131,2.161800173,-0.29397842,20454,0.986027054,5,3.050775084,0.351217409,0.26964752,0.155338355,0.217961125,0.005201317,0.712182661,1.701473242,2.565038614,-0.380557812,21164,0.972460196,30,2.941285745,0.242938362,0.236681406,0.249142622,0.261985791,0.00822578,0.802640091,1.547451719,2.129291556,-0.35955846,20716,0.98173252,3,3.043838196,0.221991608,0.231249507,0.265960736,0.272423259,0.00752654,0.818522719,1.505454588,1.216746469,0.09243674,23475,0.963077229,3,2.7918319,0.261048554,0.199454446,0.135531755,0.386995649,0.015285878,0.876068193,1.529485129,1.676626319,-0.110897965,22349,0.978352357,17,3.005246666,0.195279079,0.203963536,0.153506973,0.434535218,0.011356342,0.918187418,1.411906972,1.555885764,0.035880899,22774,0.966063483,17,2.938785612,0.228578978,0.238417415,0.158916676,0.35827528,0.014151694,0.881385042,1.502211792,2.273971719,-0.147408189,23728,0.971158081,2,2.899905934,0.221962366,0.178128063,0.1461591,0.433430925,0.018022436,0.945679423,1.44788454
12,Pat2Train_23_0.mat,2,2.67025657,-0.381010906,19663,0.986443995,25,2.125149604,0.375649369,0.271799738,0.206588802,0.141926822,0.00363092,0.541170593,2.089093156,8.518603351,-0.834650291,21043,0.981971198,3,2.967549113,0.434039989,0.18563265,0.189788771,0.18535883,0.004636014,0.684834641,1.790006916,3.005416775,-0.218039369,21536,0.981789309,29,2.602928314,0.25771454,0.164755589,0.314042661,0.254155324,0.008309353,0.756576447,1.648732723,3.940611289,-0.31264696,22685,0.969884716,3,2.968410908,0.210197473,0.168955457,0.249933243,0.356387783,0.013172176,0.906614412,1.451390142,1.945126428,-0.151071208,22422,0.957609382,9,2.903004278,0.428916696,0.296323684,0.115634884,0.144901181,0.013032982,0.669897912,1.981629077,13.56687304,-0.624531906,22966,0.968460458,14,2.950806233,0.370853589,0.348059692,0.135954516,0.133010067,0.010893628,0.660927448,1.952204327,29.30091498,-1.811111322,22351,0.969345404,17,2.952482546,0.270705591,0.419969257,0.151760477,0.147113415,0.009469233,0.672451472,1.827460581,52.64196376,-3.366585744,21021,0.981669015,16,3.049121211,0.204985077,0.484892626,0.151533534,0.151332403,0.006413651,0.674854068,1.745709212,9.681508964,0.016766306,21404,0.981561843,6,2.953900267,0.503458344,0.20668286,0.120653604,0.163715766,0.004944795,0.637584473,1.953998855,2.774093639,-0.330794564,22289,0.98120063,5,2.989894813,0.331152748,0.220588932,0.162325058,0.276720398,0.008267587,0.783905161,1.629595301,3.344708963,-0.428749738,22652,0.964341728,31,2.870082692,0.235742318,0.190941565,0.252143064,0.307507696,0.012260146,0.853125102,1.508420544,3.204481072,-0.41765868,22131,0.976537553,33,2.994975138,0.214936345,0.177749287,0.252548616,0.343020785,0.010460686,0.877015685,1.454046547,1.799384863,0.122552971,23448,0.964495353,3,2.747602204,0.191613617,0.152930253,0.170793241,0.46671231,0.016270955,0.938149288,1.41923728,3.366875983,-0.510680874,22533,0.978771191,25,2.99197387,0.109197546,0.166244825,0.222138797,0.48926099,0.012054682,0.973067031,1.307653803,1.792528624,-0.128791085,23078,0.962528184,25,2.90165436,0.160735641,0.18270328,0.197363029,0.441497022,0.015944578,0.960249726,1.383608147,3.066803761,-0.226649256,24605,0.9674414,2,2.816878815,0.186584268,0.135783438,0.144665739,0.509681032,0.02084543,1.008701748,1.37545642
13,Pat2Train_24_0.mat,2,2.505194039,-0.37362231,18845,0.985920183,25,2.31354917,0.352764408,0.305147383,0.197319625,0.140736896,0.003624549,0.558881327,1.990755926,5.65807159,-0.778637843,20297,0.982387731,4,3.040294797,0.404931883,0.22066667,0.186674189,0.182762539,0.004467338,0.687584352,1.768806497,2.107123592,-0.001183595,20721,0.982199955,30,2.580490202,0.254743637,0.19306957,0.285061084,0.258515363,0.007685738,0.746663889,1.659725988,3.51360978,-0.362045295,21807,0.972025196,32,2.986354355,0.20400336,0.183426087,0.247738737,0.349959312,0.013415539,0.91095634,1.450171081,2.740023018,-0.129880944,21082,0.965485771,13,2.953114598,0.379294399,0.345675962,0.125535678,0.137455822,0.010952011,0.65752355,1.943780074,9.822345737,-0.758499977,21595,0.973456814,13,3.004695276,0.348348538,0.409879383,0.124450775,0.109622173,0.007025398,0.613385606,1.951876437,14.38092235,-1.571495546,20780,0.976261007,14,3.029717435,0.263270074,0.466153241,0.140624827,0.122532417,0.006678111,0.632912781,1.813590824,24.68079716,-2.663107499,19049,0.985788604,18,3.11933317,0.169232949,0.527638342,0.155678808,0.140864975,0.00595048,0.670837765,1.706880424,2.836989359,-0.142548973,20740,0.980617481,8,3.029054302,0.445778684,0.236778001,0.127804523,0.184156553,0.004846724,0.671759902,1.845025054,2.809637265,-0.190299265,21329,0.982605995,4,3.025411505,0.339864757,0.250428368,0.154993833,0.246902041,0.006935457,0.748811522,1.670723334,2.947406113,-0.309291941,21628,0.967454322,3,2.944314364,0.249225914,0.224296022,0.223104789,0.292436061,0.009815605,0.822824389,1.540021576,2.546839363,-0.297263073,21162,0.979134405,35,3.022570353,0.222324259,0.213056351,0.262397916,0.292118855,0.008969201,0.834466795,1.498289589,1.702229027,0.139456506,23960,0.956868323,2,2.776855798,0.266325244,0.218040604,0.128059635,0.367317832,0.018259816,0.886439961,1.549226541,3.007133793,-0.150390763,22862,0.975956075,44,2.965395381,0.16915329,0.205230558,0.152378253,0.458336322,0.013218231,0.944993424,1.387271754,1.637529636,0.134443761,23041,0.962814219,12,2.87678517,0.208719067,0.241197944,0.143720565,0.388739101,0.015835075,0.910950767,1.4773136,2.566662909,-0.124623792,24008,0.968318792,2,2.841838051,0.207345857,0.172209273,0.13576652,0.461576488,0.020732313,0.9752287,1.422753924
14,Pat2Train_25_0.mat,2,2.009069803,-0.24248968,18174,0.988514458,25,2.400707275,0.404970314,0.286219368,0.186808097,0.119024329,0.002682932,0.537887509,2.022215679,4.669706073,-0.453808743,19711,0.98551619,8,3.016248945,0.450913815,0.205746124,0.169305473,0.170074036,0.003504566,0.661808238,1.820226015,1.81832129,-0.093557994,20491,0.984333884,30,2.462325604,0.28651272,0.205816632,0.277890307,0.222309509,0.006683846,0.695493921,1.753757412,3.093997342,-0.283724794,21449,0.976679459,4,2.963490381,0.225427148,0.21607289,0.24272877,0.303160619,0.011299177,0.85814557,1.506310487,1.971538056,0.133689791,20494,0.969767947,13,2.960599589,0.387654628,0.357684741,0.120470174,0.124443814,0.008742064,0.631877228,1.977396324,4.890595446,-0.271047023,20179,0.985288399,11,3.129519503,0.38319225,0.420249673,0.109551107,0.082172859,0.004349196,0.560376411,2.005310888,5.916951767,-0.899845984,18680,0.98660263,15,3.104507697,0.306833631,0.477155184,0.126968899,0.085377731,0.003323735,0.564793219,1.855320252,9.214964253,-1.416669426,17021,0.989263632,15,3.132664966,0.214577248,0.545789038,0.136312441,0.099493221,0.003443611,0.598936447,1.768754813,4.620004056,-0.093762687,19814,0.985473804,8,3.054167419,0.525832957,0.236756233,0.10186422,0.131900991,0.003247565,0.585127451,2.032985904,2.618947285,-0.250289846,20441,0.986100899,7,3.005862143,0.385882336,0.272036487,0.142290659,0.194135742,0.005079667,0.679831196,1.787030118,1.993948692,-0.304741883,20883,0.974903879,10,2.939492147,0.260412673,0.25012037,0.229778966,0.250665213,0.008095032,0.782064933,1.581149275,1.861773757,-0.328713718,20720,0.981834211,33,2.996296071,0.254383494,0.239141692,0.253045414,0.2441966,0.008234988,0.790311047,1.565023357,0.858650362,0.061977206,23652,0.961928221,15,2.757700159,0.338840868,0.268270796,0.107249578,0.268906449,0.015067466,0.782544161,1.744710792,1.395378511,-0.063574186,22491,0.97886693,15,2.998634991,0.251441884,0.26399861,0.128094046,0.343836656,0.011403367,0.847399415,1.544189592,1.101871598,0.036587945,22683,0.968209584,15,2.901945215,0.270720954,0.282872762,0.133527382,0.297857856,0.013523056,0.823178216,1.61640009,2.443911013,-0.165839521,23593,0.973158526,15,2.872961512,0.230122065,0.198233224,0.135215944,0.417103997,0.017341182,0.925695591,1.471545396
15,Pat2Train_26_0.mat,2,2.12839748,-0.453969883,17075,0.989968542,8,2.634518906,0.416359805,0.283706062,0.183844562,0.113603406,0.002263972,0.55015531,1.930691745,4.417156897,-0.660656246,19522,0.986892813,5,3.035739246,0.464963885,0.214702138,0.1440369,0.172716484,0.003165389,0.64859174,1.847698646,2.077774694,-0.141518493,20322,0.984679846,3,2.512320851,0.297924794,0.199370666,0.279852734,0.21580041,0.006222761,0.692056047,1.752361375,3.17273342,-0.421064716,21216,0.977229003,34,3.00979406,0.217319879,0.202230107,0.267030894,0.30117467,0.011012394,0.861804267,1.489406073,1.329133751,0.135543582,20384,0.971206049,13,2.986554865,0.388152612,0.361933676,0.118075445,0.121871018,0.009046871,0.629496063,1.985794875,4.765572311,-0.287504047,20450,0.983818874,11,3.069070817,0.411265101,0.379669429,0.114487946,0.089574007,0.004555856,0.565902583,2.020904046,6.594748208,-0.953267999,18958,0.985474494,14,3.10773176,0.32992113,0.454942531,0.128253808,0.083104341,0.003435325,0.559127856,1.892978876,7.212781739,-1.065205869,17312,0.987968217,15,3.135560074,0.245434613,0.532826939,0.124387223,0.093401032,0.003567189,0.582237367,1.811409868,3.264721782,-0.260225795,19374,0.986633463,7,3.070712057,0.528304539,0.23626564,0.097868253,0.13431363,0.00291484,0.582801885,2.020780538,2.291428044,-0.361858324,19924,0.987448212,6,3.063303942,0.371195827,0.291993867,0.143131391,0.188665966,0.004454867,0.675848125,1.755995828,2.056143527,-0.44981301,20411,0.975746644,12,2.973947827,0.272109199,0.246442056,0.228415761,0.24544077,0.006780325,0.770766317,1.58118632,1.617332418,-0.363217782,20495,0.983045727,33,3.030387794,0.224953526,0.243488172,0.26981344,0.253148899,0.007685847,0.802227918,1.529987474,0.704451748,0.029486835,23794,0.958096127,13,2.762370493,0.347253803,0.262788968,0.11736211,0.254421825,0.016398858,0.78782589,1.753675598,1.379206827,0.001387227,22997,0.976772334,13,2.978793811,0.276310945,0.263921384,0.13243254,0.313314579,0.012472393,0.838810094,1.589522508,1.312324141,0.009602929,22842,0.96667555,13,2.91255694,0.258879269,0.264597093,0.139523821,0.321076378,0.014283762,0.849502192,1.57388115,2.225233424,-0.195290432,23447,0.974170843,3,2.906151538,0.211894933,0.17319607,0.153249807,0.44344809,0.016344037,0.939332672,1.434580226
16,Pat2Train_27_0.mat,2,2.645205779,-0.422407818,18324,0.943131939,25,2.353074443,0.370796769,0.296546432,0.198340449,0.130972876,0.003011886,0.57319083,1.909154074,5.879146496,-0.553255177,20157,0.938742589,4,2.727597961,0.476466387,0.205437069,0.150224791,0.1642224,0.0032145,0.639321635,1.876334282,2.371534767,-0.140659703,20710,0.926347416,30,2.212082146,0.278922315,0.207493396,0.283234207,0.222551807,0.006944397,0.698293892,1.750587561,4.325598789,-0.418668172,21759,0.9461226,33,2.804401613,0.21170025,0.207637278,0.260510362,0.306719648,0.012112852,0.869450151,1.492655296,2.167173323,0.103108127,22011,0.928894671,11,2.759681433,0.399741183,0.325143526,0.118227729,0.14098446,0.014334322,0.679944947,1.97344493,7.772373604,-0.401547416,21532,0.940107293,12,2.850922313,0.389307531,0.383429334,0.114100519,0.106118565,0.006420549,0.601638343,1.999296989,9.087147998,-1.178381573,20162,0.935516348,14,2.802594866,0.319254256,0.444432469,0.130333772,0.100427466,0.005033345,0.591434815,1.89253089,14.45711994,-1.658714209,18785,0.869330244,15,2.437620597,0.241027041,0.508411554,0.133312009,0.112726956,0.004098286,0.614065346,1.788153155,5.710412957,-0.143713631,20463,0.980223906,8,3.028663849,0.527962905,0.227515838,0.096854007,0.143486354,0.003786396,0.603052778,2.009685266,3.046556934,-0.209846374,21239,0.94292084,5,2.794523626,0.375232451,0.269313026,0.142235687,0.20694707,0.005580953,0.700170037,1.755456855,2.374276972,-0.327526009,21590,0.932032086,12,2.724710903,0.264549513,0.246212038,0.222470331,0.256501985,0.009194336,0.798562297,1.581486442,2.226872004,-0.359696011,21053,0.888369402,33,2.48163104,0.24608002,0.214074874,0.267420719,0.263384014,0.008140189,0.815339933,1.524064322,2.203455837,0.155805632,22977,0.900595004,42,2.500458142,0.214599483,0.206846886,0.166816183,0.396303241,0.013823826,0.893697423,1.467137968,3.224784683,-0.460431237,21372,0.864305016,24,2.346841574,0.1407019,0.250848284,0.200304414,0.398158529,0.008881003,0.891953775,1.382206497,1.489004441,-0.075769754,22395,0.739888141,24,1.715258505,0.199607855,0.245904297,0.175472585,0.3653846,0.012207473,0.886740127,1.465130066,2.59069432,-0.261263238,23538,0.750786648,3,1.73811379,0.200191821,0.16118703,0.156305055,0.463721819,0.016501352,0.966426108,1.401997501
17,Pat2Train_28_0.mat,2,2.945062782,-0.337357764,19480,0.85570034,25,2.050950667,0.347468927,0.294457359,0.196226772,0.157515322,0.003865417,0.626337294,1.81542931,7.28905217,-0.60278706,20945,0.858962471,4,2.296946447,0.465197206,0.197037637,0.15981984,0.1733585,0.004119966,0.661452739,1.842687648,3.163599097,-0.26837343,20984,0.848323769,29,1.974988417,0.239526291,0.189303348,0.317991425,0.245141441,0.007145954,0.755273414,1.622994688,5.197390558,-0.576608908,22375,0.901725881,32,2.565068327,0.205721804,0.174339138,0.279137309,0.325764301,0.013436638,0.900885819,1.455702877,1.843709182,-0.030862504,23086,0.892020362,10,2.530004895,0.427508737,0.300234317,0.103416099,0.150252045,0.016748252,0.690778141,1.989444847,13.71829122,-0.745257302,23225,0.842003308,11,2.28000019,0.390832194,0.355811355,0.118974986,0.123218032,0.010097081,0.647163023,1.980212469,20.90712965,-1.853806469,22086,0.811856409,14,2.101791015,0.298401448,0.4272216,0.138897844,0.127111828,0.007597574,0.640409767,1.853089406,36.38003093,-2.967669211,21013,0.690273273,14,1.536906431,0.238209679,0.488747128,0.134880043,0.132111279,0.005483403,0.640245476,1.783754651,9.457983651,0.030276738,21520,0.962209328,6,2.881317609,0.468385944,0.211370037,0.12550283,0.188547308,0.005582524,0.671796821,1.867545985,4.136188967,-0.06941016,22294,0.85122912,4,2.30807462,0.347859655,0.22266516,0.156830421,0.263088251,0.008687593,0.782311067,1.644881011,2.68343138,-0.197311007,22983,0.841595075,3,2.234647412,0.258376896,0.208688151,0.210551929,0.307831874,0.013069065,0.856123402,1.536043616,2.811199597,-0.377188286,21702,0.755501657,35,1.808921861,0.22541143,0.191060915,0.273328513,0.299260116,0.009813216,0.85596681,1.479517868,1.57318703,0.227891733,21939,0.853944131,24,2.278891372,0.136870208,0.173855272,0.218221681,0.456712246,0.012884651,0.952434627,1.343452651,2.784473852,-0.556766722,20320,0.78936635,24,1.981131461,0.073218479,0.24359846,0.278390483,0.396299144,0.007615743,0.908959781,1.306694891,1.7051072,-0.157589027,21849,0.590438965,24,1.105543456,0.128610016,0.220991816,0.218762315,0.417607312,0.012534388,0.935100227,1.368111921,3.280581601,-0.212020509,24031,0.567272931,43,1.002242256,0.17348157,0.148570686,0.163395334,0.493898015,0.018566364,1.004012106,1.360077352
18,Pat2Train_29_0.mat,2,2.608139371,-0.218204388,20076,0.833732759,10,1.956864785,0.364322123,0.274457593,0.191299926,0.165155405,0.004285539,0.6338581,1.838382724,5.682437172,-0.549722524,20455,0.860612275,5,2.339879777,0.441635255,0.219071042,0.160027644,0.174601155,0.004176869,0.668302752,1.810881844,2.074779952,-0.096504968,20925,0.854329053,32,1.91159502,0.265704372,0.219168375,0.281399666,0.225839684,0.00712035,0.706767781,1.723389418,3.513890941,-0.418160198,21821,0.908320888,33,2.600193014,0.224421596,0.214806404,0.244402141,0.30376093,0.011293894,0.8614243,1.498475169,1.755364017,0.088793555,21930,0.900611204,13,2.5923074,0.412927189,0.325368152,0.111620998,0.135775167,0.013064286,0.662835479,1.990077043,5.972591982,-0.422128713,21230,0.907435639,11,2.645730792,0.403404246,0.384554324,0.113394048,0.092792108,0.005289263,0.580741627,2.001959464,6.514264341,-0.995922088,19926,0.898252166,11,2.591204731,0.319928503,0.448116778,0.132265415,0.095309659,0.003966495,0.581285805,1.851401899,14.20367608,-1.915326828,18793,0.801864868,17,2.071724197,0.230806832,0.50343805,0.145083941,0.116248646,0.003966411,0.623889683,1.761354038,2.606159347,-0.01402799,21194,0.964206011,9,2.945877324,0.441601217,0.247605318,0.129394805,0.175454762,0.005343144,0.669471264,1.847963335,2.072508531,-0.060261822,21797,0.87328586,10,2.410038675,0.331852464,0.270683667,0.150598329,0.238879703,0.007097046,0.750462194,1.670910061,1.94888445,-0.074807928,22221,0.861621229,11,2.351916545,0.268829969,0.241685938,0.199090765,0.278330663,0.010825921,0.816087645,1.575108419,2.20621158,-0.304528731,21243,0.775496633,11,1.909352853,0.250802926,0.2348943,0.234130546,0.271185673,0.008052281,0.812476018,1.535095605,1.115174311,0.178596121,21191,0.875748943,25,2.425742412,0.135363487,0.230028611,0.202938035,0.418719899,0.011580779,0.924791601,1.3730112,2.232089981,-0.591181242,19603,0.825809249,24,2.198465505,0.076150898,0.30955163,0.273641119,0.333357606,0.006474683,0.86608671,1.345699266,1.338454608,-0.184013947,21418,0.629520704,24,1.262639733,0.146599946,0.301823572,0.205330322,0.335079608,0.009890531,0.867799094,1.441206731,2.167180966,-0.144692201,23682,0.594203871,24,1.109177935,0.18955606,0.211705629,0.156758772,0.422758679,0.017250352,0.952187382,1.427365619
19,Pat2Train_30_0.mat,2,4.678233836,-0.49780399,22209,0.88952984,25,2.168742651,0.375367671,0.310495395,0.177938903,0.132827239,0.003016096,0.585211311,1.873276849,11.82007606,-0.882470892,23737,0.870444805,4,2.356291447,0.452629881,0.205743907,0.160497676,0.17698402,0.003697969,0.661161468,1.821269948,5.381602674,-0.338794868,24073,0.841707597,30,1.886404535,0.255693517,0.189042124,0.305759306,0.24124698,0.007398802,0.737693807,1.666189438,8.070826329,-0.679146377,24725,0.895245355,31,2.521080376,0.201858485,0.183525154,0.275016685,0.325169397,0.012910229,0.894187152,1.458029325,3.722955086,-0.096172086,25166,0.881545208,9,2.477919066,0.430506329,0.295128773,0.109441744,0.148369331,0.015150368,0.684388554,1.972301418,13.14843292,-0.43727906,24953,0.815191701,13,2.084287931,0.416665714,0.322809345,0.117567893,0.13200021,0.009942922,0.651398348,1.982475206,19.8864119,-1.262609397,24642,0.769914319,13,1.867994576,0.304862955,0.420348401,0.150132048,0.116240624,0.007535933,0.633884384,1.87064437,31.56248691,-1.990282658,23942,0.608718413,14,1.163331811,0.234919698,0.486378917,0.139438045,0.132509652,0.006008299,0.649008618,1.78504315,9.23196781,-0.245760965,24002,0.967394829,5,2.966438638,0.514809397,0.202407593,0.109397776,0.168548283,0.004332927,0.636857923,1.940535923,6.246604607,-0.499346633,24191,0.881197568,4,2.455232715,0.405272412,0.219892794,0.152777968,0.215397857,0.006012639,0.708758868,1.745272187,4.493554973,-0.457381489,24552,0.861153765,3,2.318776864,0.233512984,0.203175533,0.238089055,0.313510831,0.010550765,0.849188057,1.497353576,4.898042936,-0.52074408,24324,0.751900868,32,1.774265113,0.226687562,0.181281304,0.280130141,0.301592815,0.009183482,0.851253864,1.476311011,3.365128962,0.149443823,25092,0.814687898,43,2.074162697,0.163280871,0.155842519,0.197911026,0.467278049,0.013970325,0.957231826,1.359419261,4.874233741,-0.590991639,24610,0.727430028,39,1.672387567,0.102031824,0.17082196,0.27053461,0.446197025,0.009254499,0.942632699,1.30674203,3.159567151,-0.193531439,25228,0.542228506,42,0.916173544,0.163636358,0.178985239,0.202700397,0.437855217,0.015032748,0.947114296,1.383761271,5.904855595,-0.339518893,26127,0.56746501,2,0.985904741,0.180732265,0.133465672,0.166274333,0.498213646,0.018962214,0.996458117,1.368400051
